               epoch,      train/box_loss,      train/obj_loss,      train/cls_loss,   metrics/precision,      metrics/recall,     metrics/mAP_0.5,metrics/mAP_0.5:0.95,        val/box_loss,        val/obj_loss,        val/cls_loss,               x/lr0,               x/lr1,               x/lr2
                   0,             0.10572,           0.0095382,                   0,           0.0011111,             0.42105,            0.001206,          0.00035922,            0.096702,           0.0055239,                   0,            0.070769,           0.0032479,           0.0032479
                   1,             0.10012,            0.010671,                   0,          0.00083333,             0.31579,           0.0012099,          0.00024991,            0.092694,           0.0057204,                   0,            0.040748,           0.0065595,           0.0065595
                   2,            0.096861,            0.010472,                   0,           0.0011111,             0.42105,           0.0011773,          0.00045655,            0.090867,           0.0060818,                   0,            0.010704,           0.0098491,           0.0098491
                   3,            0.093314,             0.01112,                   0,                   0,                   0,                   0,                   0,             0.14995,            0.051223,                   0,            0.009901,            0.009901,            0.009901
                   4,            0.092752,            0.011556,                   0,          0.00027778,             0.10526,           0.0001538,          2.2697e-05,              0.1431,             0.03115,                   0,            0.009901,            0.009901,            0.009901
                   5,            0.089716,             0.01129,                   0,          0.00027778,             0.10526,           0.0001649,          4.0957e-05,             0.12933,           0.0031578,                   0,            0.009868,            0.009868,            0.009868
                   6,            0.087449,            0.012347,                   0,          0.00085421,             0.31579,           0.0010682,          0.00022828,             0.10236,           0.0043284,                   0,            0.009835,            0.009835,            0.009835
                   7,            0.086218,            0.011807,                   0,           0.0010243,             0.36842,           0.0014765,          0.00038495,            0.096625,           0.0046127,                   0,            0.009802,            0.009802,            0.009802
                   8,             0.08527,            0.011459,                   0,          0.00097222,             0.36842,           0.0019477,          0.00038614,            0.089478,           0.0051923,                   0,            0.009769,            0.009769,            0.009769
                   9,            0.083231,            0.011149,                   0,           0.0011111,             0.42105,           0.0032639,          0.00061388,            0.088581,           0.0048992,                   0,            0.009736,            0.009736,            0.009736
                  10,            0.082472,            0.011745,                   0,             0.00125,             0.47368,           0.0027426,          0.00080007,            0.080554,           0.0058557,                   0,            0.009703,            0.009703,            0.009703
                  11,            0.080254,            0.012754,                   0,           0.0015278,             0.57895,           0.0056618,           0.0015651,            0.079181,           0.0060413,                   0,             0.00967,             0.00967,             0.00967
                  12,            0.079789,            0.012309,                   0,           0.0015278,             0.57895,           0.0055061,           0.0019417,            0.076527,             0.00605,                   0,            0.009637,            0.009637,            0.009637
                  13,            0.078948,            0.012562,                   0,           0.0016667,             0.63158,           0.0044579,           0.0011983,            0.076558,           0.0057729,                   0,            0.009604,            0.009604,            0.009604
                  14,            0.078405,            0.012065,                   0,           0.0018056,             0.68421,            0.024772,           0.0054433,            0.074114,           0.0062097,                   0,            0.009571,            0.009571,            0.009571
                  15,            0.074892,             0.01224,                   0,           0.0018056,             0.68421,             0.01116,           0.0035909,            0.080009,           0.0060318,                   0,            0.009538,            0.009538,            0.009538
                  16,            0.076698,             0.01249,                   0,           0.0018056,             0.68421,            0.074674,            0.022047,            0.076453,           0.0061116,                   0,            0.009505,            0.009505,            0.009505
                  17,            0.074491,            0.012516,                   0,           0.0018056,             0.68421,            0.033393,            0.012679,            0.079059,           0.0060886,                   0,            0.009472,            0.009472,            0.009472
                  18,            0.072561,            0.013184,                   0,           0.0020833,             0.78947,            0.019927,           0.0053431,            0.069929,           0.0065399,                   0,            0.009439,            0.009439,            0.009439
                  19,            0.070901,            0.012065,                   0,           0.0020833,             0.78947,            0.013908,           0.0035713,            0.072275,           0.0065782,                   0,            0.009406,            0.009406,            0.009406
                  20,            0.071663,            0.012763,                   0,           0.0022222,             0.84211,            0.025268,           0.0057233,            0.069549,           0.0065169,                   0,            0.009373,            0.009373,            0.009373
                  21,            0.070447,             0.01307,                   0,           0.0022222,             0.84211,            0.019589,           0.0047186,            0.064882,           0.0064061,                   0,             0.00934,             0.00934,             0.00934
                  22,            0.067323,            0.012549,                   0,           0.0022222,             0.84211,              0.0303,           0.0079856,            0.065293,           0.0063429,                   0,            0.009307,            0.009307,            0.009307
                  23,            0.067816,            0.012578,                   0,           0.0028096,             0.78947,            0.024604,           0.0081991,            0.066353,           0.0064335,                   0,            0.009274,            0.009274,            0.009274
                  24,            0.067582,            0.012687,                   0,           0.0019444,             0.73684,           0.0080156,           0.0017835,            0.086606,           0.0045785,                   0,            0.009241,            0.009241,            0.009241
                  25,             0.06553,            0.012662,                   0,           0.0055403,             0.57895,             0.01731,           0.0039842,            0.071253,           0.0057103,                   0,            0.009208,            0.009208,            0.009208
                  26,            0.063344,            0.012547,                   0,            0.016298,             0.42105,            0.025052,            0.008952,            0.067495,           0.0068083,                   0,            0.009175,            0.009175,            0.009175
                  27,            0.063577,            0.013307,                   0,           0.0079275,             0.73684,            0.017096,           0.0051839,            0.071301,           0.0066004,                   0,            0.009142,            0.009142,            0.009142
                  28,            0.065502,            0.013556,                   0,            0.050377,             0.47368,            0.039438,            0.010362,            0.063466,           0.0066451,                   0,            0.009109,            0.009109,            0.009109
                  29,            0.062454,            0.012472,                   0,            0.060004,             0.15789,            0.063997,            0.030002,            0.056142,           0.0063252,                   0,            0.009076,            0.009076,            0.009076
                  30,            0.062232,            0.013588,                   0,            0.076701,             0.21053,            0.058622,            0.010265,            0.065915,           0.0056345,                   0,            0.009043,            0.009043,            0.009043
                  31,            0.059498,            0.013029,                   0,            0.050181,             0.15789,             0.04534,            0.014164,            0.057424,           0.0067833,                   0,             0.00901,             0.00901,             0.00901
                  32,            0.061379,            0.012807,                   0,            0.064181,             0.26316,            0.055032,             0.02431,            0.054557,           0.0064654,                   0,            0.008977,            0.008977,            0.008977
                  33,            0.060987,            0.011755,                   0,            0.071259,             0.15789,            0.052897,            0.020885,            0.060693,           0.0059105,                   0,            0.008944,            0.008944,            0.008944
                  34,            0.059817,            0.013092,                   0,              0.1613,             0.26316,             0.13266,            0.034024,            0.057278,            0.006162,                   0,            0.008911,            0.008911,            0.008911
                  35,            0.057439,            0.012355,                   0,            0.090789,             0.21053,            0.096368,             0.04068,            0.050797,             0.00688,                   0,            0.008878,            0.008878,            0.008878
                  36,             0.05578,            0.012498,                   0,            0.089957,             0.26316,            0.096764,             0.04817,              0.0528,           0.0064992,                   0,            0.008845,            0.008845,            0.008845
                  37,            0.059455,              0.0114,                   0,             0.37037,             0.10526,             0.12714,            0.051298,            0.058738,           0.0060717,                   0,            0.008812,            0.008812,            0.008812
                  38,            0.057705,            0.012783,                   0,             0.11826,             0.21053,             0.10298,            0.055402,            0.055355,           0.0064178,                   0,            0.008779,            0.008779,            0.008779
                  39,            0.055431,            0.012546,                   0,             0.16713,             0.10526,            0.090438,            0.038056,            0.063529,           0.0050031,                   0,            0.008746,            0.008746,            0.008746
                  40,            0.056119,            0.012943,                   0,             0.14427,             0.10526,             0.13253,            0.048799,            0.054892,            0.007189,                   0,            0.008713,            0.008713,            0.008713
                  41,            0.055341,            0.012778,                   0,             0.26873,             0.36842,             0.19594,             0.07574,            0.054412,           0.0062986,                   0,             0.00868,             0.00868,             0.00868
                  42,            0.054019,            0.012192,                   0,             0.17508,             0.21053,            0.057603,            0.022709,            0.070733,           0.0050487,                   0,            0.008647,            0.008647,            0.008647
                  43,            0.054895,            0.012363,                   0,                   1,            0.099636,             0.14585,            0.070605,            0.059338,           0.0061454,                   0,            0.008614,            0.008614,            0.008614
                  44,            0.054412,            0.012636,                   0,               0.127,             0.36842,             0.12928,            0.047676,            0.052204,           0.0058739,                   0,            0.008581,            0.008581,            0.008581
                  45,            0.054971,            0.011742,                   0,             0.23141,             0.26316,             0.17521,            0.090184,            0.053772,           0.0056777,                   0,            0.008548,            0.008548,            0.008548
                  46,            0.051711,             0.01209,                   0,             0.24031,             0.21053,             0.21539,            0.095071,            0.054293,           0.0062135,                   0,            0.008515,            0.008515,            0.008515
                  47,            0.052201,            0.011478,                   0,             0.19529,             0.31579,             0.24523,             0.08226,            0.054008,           0.0063219,                   0,            0.008482,            0.008482,            0.008482
                  48,            0.052327,            0.011921,                   0,             0.16718,             0.15789,            0.069026,            0.019938,              0.0755,           0.0045515,                   0,            0.008449,            0.008449,            0.008449
                  49,            0.052398,             0.01178,                   0,             0.39764,             0.42105,             0.34476,             0.13094,            0.056816,           0.0051869,                   0,            0.008416,            0.008416,            0.008416
                  50,            0.052398,            0.011004,                   0,             0.26604,             0.52632,              0.3227,             0.11949,            0.053663,            0.005585,                   0,            0.008383,            0.008383,            0.008383
                  51,            0.050914,            0.011826,                   0,             0.36049,             0.36842,             0.40248,             0.18141,            0.049245,            0.005479,                   0,             0.00835,             0.00835,             0.00835
                  52,            0.050165,            0.011461,                   0,             0.28134,             0.42105,               0.279,             0.12718,            0.049388,           0.0067027,                   0,            0.008317,            0.008317,            0.008317
                  53,              0.0504,             0.01114,                   0,             0.29266,             0.31579,             0.26337,            0.089072,            0.056466,           0.0056559,                   0,            0.008284,            0.008284,            0.008284
                  54,            0.051543,            0.010456,                   0,             0.30578,             0.52632,             0.25292,             0.13787,             0.05182,           0.0062607,                   0,            0.008251,            0.008251,            0.008251
                  55,            0.049911,            0.011461,                   0,             0.41335,             0.36842,              0.2389,             0.12527,            0.046663,           0.0060524,                   0,            0.008218,            0.008218,            0.008218
                  56,            0.050144,            0.011709,                   0,             0.47263,             0.31579,             0.31744,             0.13677,            0.055208,            0.004977,                   0,            0.008185,            0.008185,            0.008185
                  57,            0.048648,            0.011282,                   0,             0.44476,             0.46416,             0.34797,             0.22127,            0.047782,           0.0059162,                   0,            0.008152,            0.008152,            0.008152
                  58,            0.048676,            0.010952,                   0,             0.57311,             0.42105,             0.45521,             0.22632,            0.047767,            0.005116,                   0,            0.008119,            0.008119,            0.008119
                  59,            0.047555,            0.011677,                   0,             0.52156,             0.42105,             0.44228,             0.18366,            0.048291,           0.0049709,                   0,            0.008086,            0.008086,            0.008086
                  60,            0.048777,            0.011043,                   0,             0.71552,             0.31579,             0.48299,             0.24272,            0.043932,             0.00605,                   0,            0.008053,            0.008053,            0.008053
                  61,            0.046384,            0.010816,                   0,             0.53677,             0.36842,             0.34698,             0.20082,            0.051504,           0.0054496,                   0,             0.00802,             0.00802,             0.00802
                  62,            0.048573,            0.011466,                   0,             0.52462,             0.52293,             0.48291,             0.26488,            0.048794,           0.0047821,                   0,            0.007987,            0.007987,            0.007987
                  63,            0.046422,            0.010431,                   0,             0.44433,             0.31579,             0.38609,             0.21112,            0.043063,           0.0052312,                   0,            0.007954,            0.007954,            0.007954
                  64,             0.04668,             0.01038,                   0,             0.44065,             0.62222,             0.47249,             0.27207,            0.040414,           0.0053037,                   0,            0.007921,            0.007921,            0.007921
                  65,            0.044569,            0.010679,                   0,              0.4466,             0.63158,             0.56253,              0.3335,            0.041236,           0.0048081,                   0,            0.007888,            0.007888,            0.007888
                  66,            0.045506,            0.010269,                   0,             0.45524,             0.42105,             0.46473,             0.26775,            0.041741,           0.0050974,                   0,            0.007855,            0.007855,            0.007855
                  67,            0.046201,            0.010531,                   0,             0.49107,             0.47368,             0.44125,             0.26114,            0.045604,           0.0046599,                   0,            0.007822,            0.007822,            0.007822
                  68,            0.047281,            0.010788,                   0,             0.55226,             0.31579,             0.28652,             0.15779,            0.059657,           0.0046449,                   0,            0.007789,            0.007789,            0.007789
                  69,            0.043023,            0.010056,                   0,             0.65988,              0.5113,              0.5509,             0.33885,            0.042379,           0.0045543,                   0,            0.007756,            0.007756,            0.007756
                  70,            0.044732,            0.010603,                   0,             0.82482,             0.36842,             0.41605,             0.17773,            0.054927,           0.0044254,                   0,            0.007723,            0.007723,            0.007723
                  71,            0.043493,            0.010158,                   0,             0.76879,             0.52511,             0.55281,             0.26929,            0.045583,           0.0047175,                   0,             0.00769,             0.00769,             0.00769
                  72,            0.042349,            0.009982,                   0,              0.4408,             0.47368,             0.52632,             0.26477,            0.042532,           0.0050638,                   0,            0.007657,            0.007657,            0.007657
                  73,            0.043028,           0.0096441,                   0,             0.50409,             0.52632,             0.50277,             0.27755,            0.042131,           0.0045301,                   0,            0.007624,            0.007624,            0.007624
                  74,            0.042681,           0.0096107,                   0,             0.55257,             0.71552,             0.64587,             0.36778,            0.035611,           0.0045976,                   0,            0.007591,            0.007591,            0.007591
                  75,             0.04133,           0.0093036,                   0,             0.61931,             0.36842,             0.53423,             0.35031,            0.038148,           0.0048359,                   0,            0.007558,            0.007558,            0.007558
                  76,            0.041604,            0.010293,                   0,             0.45984,             0.68421,             0.54615,             0.29634,            0.042799,           0.0044828,                   0,            0.007525,            0.007525,            0.007525
                  77,            0.042192,           0.0097851,                   0,             0.50846,             0.42105,             0.48885,             0.24292,            0.043003,           0.0046766,                   0,            0.007492,            0.007492,            0.007492
                  78,            0.041656,           0.0096776,                   0,             0.64604,             0.73684,             0.64709,             0.30311,            0.042632,           0.0048005,                   0,            0.007459,            0.007459,            0.007459
                  79,            0.039057,           0.0097057,                   0,             0.50419,             0.57895,             0.52889,             0.29388,            0.046779,           0.0041103,                   0,            0.007426,            0.007426,            0.007426
                  80,            0.040453,           0.0095707,                   0,             0.74184,             0.60581,             0.56435,             0.27459,            0.041998,           0.0043569,                   0,            0.007393,            0.007393,            0.007393
                  81,             0.04053,           0.0092457,                   0,             0.56501,             0.47881,             0.41015,             0.18692,             0.04926,           0.0043935,                   0,             0.00736,             0.00736,             0.00736
                  82,            0.042156,           0.0093712,                   0,             0.88939,             0.47368,             0.70942,             0.46624,            0.036666,           0.0041091,                   0,            0.007327,            0.007327,            0.007327
                  83,            0.039914,           0.0089468,                   0,             0.69946,             0.63158,             0.68406,             0.36508,             0.04055,           0.0040706,                   0,            0.007294,            0.007294,            0.007294
                  84,            0.041354,           0.0099994,                   0,             0.64472,             0.57337,             0.55188,             0.27279,            0.046283,           0.0042118,                   0,            0.007261,            0.007261,            0.007261
                  85,             0.04015,            0.009225,                   0,             0.61025,             0.68421,             0.69901,             0.32378,            0.041131,           0.0043162,                   0,            0.007228,            0.007228,            0.007228
                  86,            0.040219,            0.008805,                   0,             0.67805,             0.66573,             0.69851,             0.39756,            0.038492,            0.004243,                   0,            0.007195,            0.007195,            0.007195
                  87,            0.039347,           0.0087517,                   0,             0.85801,             0.63158,              0.6753,             0.30588,            0.045486,           0.0042074,                   0,            0.007162,            0.007162,            0.007162
                  88,            0.038406,           0.0090788,                   0,             0.67825,             0.66634,             0.60872,              0.3398,            0.036976,           0.0043607,                   0,            0.007129,            0.007129,            0.007129
                  89,            0.039253,           0.0085535,                   0,             0.74368,             0.61162,              0.6562,             0.33124,            0.041004,           0.0041151,                   0,            0.007096,            0.007096,            0.007096
                  90,            0.039174,           0.0088873,                   0,             0.63378,             0.52632,             0.58365,             0.36178,            0.037645,           0.0043403,                   0,            0.007063,            0.007063,            0.007063
                  91,            0.035978,           0.0085475,                   0,             0.91905,             0.57895,             0.72633,             0.34751,            0.040774,           0.0043286,                   0,             0.00703,             0.00703,             0.00703
                  92,            0.040745,           0.0087727,                   0,             0.76429,             0.68273,             0.71011,             0.39545,            0.041656,             0.00397,                   0,            0.006997,            0.006997,            0.006997
                  93,            0.039603,           0.0090186,                   0,              0.6471,             0.67592,             0.63777,             0.36472,            0.037817,           0.0040786,                   0,            0.006964,            0.006964,            0.006964
                  94,            0.036917,           0.0091804,                   0,             0.64846,             0.48607,              0.5287,             0.33853,            0.039301,             0.00427,                   0,            0.006931,            0.006931,            0.006931
                  95,            0.036859,           0.0088295,                   0,             0.66337,             0.63158,             0.61969,              0.3292,            0.040413,           0.0041157,                   0,            0.006898,            0.006898,            0.006898
                  96,            0.037691,           0.0087523,                   0,             0.80288,             0.57895,             0.63356,             0.38307,             0.03902,           0.0043172,                   0,            0.006865,            0.006865,            0.006865
                  97,            0.037382,           0.0091231,                   0,             0.57508,             0.57895,             0.60458,              0.3705,            0.037861,           0.0040678,                   0,            0.006832,            0.006832,            0.006832
                  98,            0.035914,           0.0081575,                   0,             0.87864,             0.76293,             0.84171,             0.44311,            0.038157,           0.0038071,                   0,            0.006799,            0.006799,            0.006799
                  99,            0.036165,           0.0086009,                   0,              0.7369,             0.68421,             0.71079,             0.39471,            0.037729,           0.0038069,                   0,            0.006766,            0.006766,            0.006766
                 100,            0.035497,           0.0087506,                   0,              0.6534,             0.68421,              0.7106,             0.39381,            0.036169,           0.0040119,                   0,            0.006733,            0.006733,            0.006733
                 101,            0.036199,           0.0081677,                   0,             0.71735,             0.66851,             0.71486,             0.31337,             0.03774,           0.0038963,                   0,              0.0067,              0.0067,              0.0067
                 102,            0.035842,           0.0082725,                   0,             0.78774,             0.78166,             0.79534,             0.43818,             0.03654,           0.0036773,                   0,            0.006667,            0.006667,            0.006667
                 103,            0.036118,           0.0081124,                   0,             0.69394,             0.78947,             0.77521,             0.46055,            0.037593,            0.003627,                   0,            0.006634,            0.006634,            0.006634
                 104,            0.034395,           0.0082048,                   0,             0.91403,             0.68421,             0.82409,             0.44741,            0.036406,           0.0035444,                   0,            0.006601,            0.006601,            0.006601
                 105,            0.035465,           0.0078587,                   0,             0.83697,             0.73684,             0.80761,             0.46657,            0.036458,           0.0034797,                   0,            0.006568,            0.006568,            0.006568
                 106,            0.035879,           0.0079394,                   0,              0.7503,             0.68421,             0.76209,             0.39386,            0.039892,           0.0037686,                   0,            0.006535,            0.006535,            0.006535
                 107,             0.03561,           0.0081112,                   0,             0.94886,             0.63158,             0.81353,             0.46818,            0.037717,           0.0036604,                   0,            0.006502,            0.006502,            0.006502
                 108,            0.035163,           0.0082188,                   0,             0.76314,             0.68421,             0.73777,             0.43242,            0.035498,           0.0038314,                   0,            0.006469,            0.006469,            0.006469
                 109,            0.032771,           0.0082034,                   0,             0.77588,              0.7292,             0.74539,             0.46838,            0.033228,           0.0039322,                   0,            0.006436,            0.006436,            0.006436
                 110,              0.0336,           0.0079333,                   0,             0.74119,             0.63158,             0.72153,             0.45997,            0.034311,           0.0036118,                   0,            0.006403,            0.006403,            0.006403
                 111,            0.034744,           0.0080465,                   0,             0.91991,             0.60555,             0.79636,             0.46315,            0.034023,           0.0039864,                   0,             0.00637,             0.00637,             0.00637
                 112,            0.033842,           0.0079753,                   0,             0.67573,             0.68421,             0.71881,             0.37904,            0.039393,           0.0037966,                   0,            0.006337,            0.006337,            0.006337
                 113,            0.033407,           0.0073465,                   0,              0.8585,             0.73684,             0.76806,             0.44121,            0.039782,           0.0036509,                   0,            0.006304,            0.006304,            0.006304
                 114,            0.033022,           0.0077107,                   0,             0.87326,             0.72584,             0.79847,             0.47274,            0.037304,           0.0036233,                   0,            0.006271,            0.006271,            0.006271
                 115,             0.03297,           0.0081474,                   0,             0.59961,             0.70996,             0.67115,             0.37284,            0.037959,           0.0041923,                   0,            0.006238,            0.006238,            0.006238
                 116,            0.032728,           0.0080317,                   0,             0.84111,             0.83615,             0.83202,              0.4937,            0.035912,           0.0036016,                   0,            0.006205,            0.006205,            0.006205
                 117,            0.032384,            0.007454,                   0,             0.71735,             0.84211,             0.81135,             0.43672,            0.039429,            0.003629,                   0,            0.006172,            0.006172,            0.006172
                 118,            0.032886,           0.0077954,                   0,             0.83158,             0.78947,             0.81092,              0.4601,            0.032894,           0.0035996,                   0,            0.006139,            0.006139,            0.006139
                 119,            0.033532,           0.0078303,                   0,             0.85028,             0.73684,             0.76294,             0.41555,            0.034159,           0.0038627,                   0,            0.006106,            0.006106,            0.006106
                 120,            0.031457,           0.0074518,                   0,             0.82541,             0.78947,             0.80078,             0.45455,            0.034758,           0.0035377,                   0,            0.006073,            0.006073,            0.006073
                 121,            0.032115,           0.0072409,                   0,             0.86834,             0.68421,             0.83276,             0.47657,            0.034413,           0.0034337,                   0,             0.00604,             0.00604,             0.00604
                 122,            0.031605,           0.0076417,                   0,             0.68544,             0.73684,             0.77004,              0.4171,            0.034458,           0.0036662,                   0,            0.006007,            0.006007,            0.006007
                 123,            0.033784,           0.0071869,                   0,             0.74327,             0.68421,             0.74795,             0.45152,            0.034701,           0.0035808,                   0,            0.005974,            0.005974,            0.005974
                 124,            0.033089,           0.0072201,                   0,             0.67902,             0.63158,             0.67174,              0.3824,            0.035985,           0.0038719,                   0,            0.005941,            0.005941,            0.005941
                 125,            0.031985,           0.0077065,                   0,             0.79947,             0.68421,             0.77321,              0.4655,            0.033218,           0.0034583,                   0,            0.005908,            0.005908,            0.005908
                 126,            0.031883,           0.0076421,                   0,             0.64439,             0.73684,             0.71668,             0.48269,            0.031852,           0.0036517,                   0,            0.005875,            0.005875,            0.005875
                 127,            0.032249,           0.0077295,                   0,              0.7819,             0.63158,             0.73658,             0.44554,            0.035404,           0.0038719,                   0,            0.005842,            0.005842,            0.005842
                 128,            0.031648,           0.0072951,                   0,             0.70565,             0.75765,              0.7881,             0.49506,            0.033053,           0.0037291,                   0,            0.005809,            0.005809,            0.005809
                 129,            0.031029,           0.0071918,                   0,             0.83067,             0.73684,             0.82496,             0.50072,            0.032406,           0.0034867,                   0,            0.005776,            0.005776,            0.005776
                 130,            0.029972,           0.0071373,                   0,             0.88064,             0.77718,             0.84859,             0.57705,            0.030293,           0.0033765,                   0,            0.005743,            0.005743,            0.005743
                 131,            0.030498,           0.0073092,                   0,             0.93321,             0.73684,             0.85032,             0.55584,            0.031322,           0.0033518,                   0,             0.00571,             0.00571,             0.00571
                 132,            0.030892,            0.007657,                   0,             0.78234,             0.84211,              0.8421,             0.57847,            0.031177,            0.003358,                   0,            0.005677,            0.005677,            0.005677
                 133,            0.031894,           0.0075292,                   0,             0.83148,             0.84211,             0.87105,             0.56635,            0.029959,           0.0031332,                   0,            0.005644,            0.005644,            0.005644
                 134,            0.031987,           0.0074581,                   0,             0.75643,             0.84211,             0.82528,             0.51992,            0.031867,           0.0032077,                   0,            0.005611,            0.005611,            0.005611
                 135,            0.032667,           0.0072003,                   0,              0.8412,             0.68421,             0.78018,             0.48808,             0.03253,           0.0036183,                   0,            0.005578,            0.005578,            0.005578
                 136,            0.028771,           0.0072748,                   0,             0.99384,             0.73684,             0.86461,             0.51832,            0.034464,           0.0030276,                   0,            0.005545,            0.005545,            0.005545
                 137,            0.029448,           0.0070778,                   0,                   1,             0.74969,             0.82294,             0.53302,            0.032079,           0.0034188,                   0,            0.005512,            0.005512,            0.005512
                 138,            0.030045,            0.006917,                   0,                   1,             0.78118,             0.84095,             0.53551,            0.031785,            0.003273,                   0,            0.005479,            0.005479,            0.005479
                 139,            0.029299,           0.0069911,                   0,             0.94663,             0.78947,             0.86853,             0.61489,            0.030179,           0.0029948,                   0,            0.005446,            0.005446,            0.005446
                 140,            0.030133,           0.0069603,                   0,             0.87881,             0.84211,             0.84837,             0.55127,            0.032003,           0.0030997,                   0,            0.005413,            0.005413,            0.005413
                 141,            0.029893,           0.0069053,                   0,              0.9054,             0.73684,             0.81343,             0.52862,            0.032911,           0.0033616,                   0,             0.00538,             0.00538,             0.00538
                 142,            0.030726,           0.0069262,                   0,             0.94471,             0.78947,             0.84676,              0.5242,            0.033331,           0.0034261,                   0,            0.005347,            0.005347,            0.005347
                 143,            0.029908,           0.0068704,                   0,             0.77869,             0.78947,             0.78577,             0.47358,            0.032642,           0.0033602,                   0,            0.005314,            0.005314,            0.005314
                 144,            0.029494,            0.006583,                   0,              0.8176,             0.73684,             0.79445,             0.49466,            0.031968,           0.0034305,                   0,            0.005281,            0.005281,            0.005281
                 145,              0.0307,            0.006825,                   0,             0.99172,             0.73684,              0.8575,             0.51388,            0.032298,           0.0032641,                   0,            0.005248,            0.005248,            0.005248
                 146,            0.029117,           0.0068831,                   0,             0.76569,             0.73684,             0.76596,             0.47034,            0.032837,           0.0034408,                   0,            0.005215,            0.005215,            0.005215
                 147,            0.029624,            0.006886,                   0,              0.8966,             0.78947,             0.86317,             0.56448,            0.031708,           0.0031108,                   0,            0.005182,            0.005182,            0.005182
                 148,            0.030032,           0.0069085,                   0,              0.7909,             0.84211,             0.84813,             0.52989,            0.032467,           0.0032272,                   0,            0.005149,            0.005149,            0.005149
                 149,            0.029573,           0.0062598,                   0,             0.68905,             0.84211,             0.78824,             0.50365,            0.030934,            0.003326,                   0,            0.005116,            0.005116,            0.005116
                 150,            0.028337,           0.0071211,                   0,              0.8835,             0.89474,              0.8772,             0.55492,            0.030784,            0.002969,                   0,            0.005083,            0.005083,            0.005083
                 151,            0.029888,           0.0068341,                   0,             0.91467,             0.73684,             0.80271,             0.49515,            0.032518,           0.0033731,                   0,             0.00505,             0.00505,             0.00505
                 152,            0.029585,           0.0066636,                   0,                   1,             0.72023,              0.8432,             0.55177,            0.031611,           0.0033326,                   0,            0.005017,            0.005017,            0.005017
                 153,            0.028562,           0.0066617,                   0,             0.98562,             0.84211,             0.88773,             0.57714,            0.033109,           0.0028811,                   0,            0.004984,            0.004984,            0.004984
                 154,            0.028111,           0.0065199,                   0,              0.8318,             0.84211,             0.82546,             0.54016,            0.030671,           0.0033528,                   0,            0.004951,            0.004951,            0.004951
                 155,            0.027436,             0.00687,                   0,             0.95577,             0.84211,             0.87832,             0.52428,            0.030551,           0.0032581,                   0,            0.004918,            0.004918,            0.004918
                 156,            0.028058,           0.0066155,                   0,             0.82375,             0.73684,             0.89047,             0.50475,            0.034666,           0.0031791,                   0,            0.004885,            0.004885,            0.004885
                 157,             0.02889,            0.006613,                   0,             0.91843,             0.78947,             0.85937,             0.53431,            0.032221,           0.0032704,                   0,            0.004852,            0.004852,            0.004852
                 158,            0.028044,           0.0065316,                   0,             0.98153,             0.78947,             0.89999,             0.54895,             0.02942,           0.0030494,                   0,            0.004819,            0.004819,            0.004819
                 159,            0.027744,           0.0067015,                   0,             0.92505,             0.78947,             0.89698,             0.62039,             0.02785,            0.003163,                   0,            0.004786,            0.004786,            0.004786
                 160,            0.026723,             0.00624,                   0,             0.97349,             0.78947,             0.88132,             0.59261,            0.027994,           0.0030989,                   0,            0.004753,            0.004753,            0.004753
                 161,            0.028613,           0.0063436,                   0,             0.87793,             0.78947,             0.83064,             0.55316,            0.028809,              0.0033,                   0,             0.00472,             0.00472,             0.00472
                 162,            0.027521,            0.006644,                   0,             0.86314,             0.78947,             0.83207,             0.55179,            0.028046,           0.0033237,                   0,            0.004687,            0.004687,            0.004687
                 163,            0.026812,           0.0064402,                   0,             0.89315,             0.84211,             0.84961,             0.59387,            0.027663,           0.0033806,                   0,            0.004654,            0.004654,            0.004654
                 164,            0.028339,           0.0061947,                   0,             0.92257,             0.73684,              0.8481,             0.56033,            0.029521,           0.0033755,                   0,            0.004621,            0.004621,            0.004621
                 165,            0.028166,           0.0065683,                   0,             0.98296,             0.73684,             0.88064,             0.56548,            0.029518,           0.0032264,                   0,            0.004588,            0.004588,            0.004588
                 166,            0.026419,           0.0065128,                   0,                   1,             0.73591,              0.8942,             0.59754,            0.028511,           0.0032268,                   0,            0.004555,            0.004555,            0.004555
                 167,            0.026592,           0.0063586,                   0,             0.92627,             0.78947,             0.87812,             0.61823,            0.028617,           0.0031193,                   0,            0.004522,            0.004522,            0.004522
                 168,            0.026346,           0.0060564,                   0,             0.86686,             0.68545,             0.84549,             0.58328,            0.030207,            0.003301,                   0,            0.004489,            0.004489,            0.004489
                 169,            0.027603,           0.0060083,                   0,             0.82418,             0.78947,             0.83957,             0.55849,            0.029336,           0.0031323,                   0,            0.004456,            0.004456,            0.004456
                 170,            0.026224,           0.0058772,                   0,             0.98512,             0.68421,             0.82808,             0.55808,            0.029312,           0.0033133,                   0,            0.004423,            0.004423,            0.004423
                 171,            0.026664,             0.00641,                   0,             0.98283,             0.78947,             0.85797,              0.5762,            0.029288,           0.0032403,                   0,             0.00439,             0.00439,             0.00439
                 172,            0.026797,            0.006034,                   0,             0.98916,             0.73684,             0.84558,              0.5809,            0.027929,           0.0034352,                   0,            0.004357,            0.004357,            0.004357
                 173,            0.028798,           0.0066103,                   0,             0.98747,             0.78947,             0.87418,             0.55813,              0.0289,           0.0031254,                   0,            0.004324,            0.004324,            0.004324
                 174,            0.027507,           0.0064998,                   0,             0.93685,             0.78122,             0.88184,             0.58034,            0.028693,           0.0030162,                   0,            0.004291,            0.004291,            0.004291
                 175,            0.026605,           0.0060821,                   0,             0.97734,             0.78947,             0.86934,             0.57578,            0.029795,           0.0029104,                   0,            0.004258,            0.004258,            0.004258
                 176,            0.027597,           0.0063266,                   0,             0.99641,             0.78947,             0.84681,             0.57059,            0.028873,           0.0031525,                   0,            0.004225,            0.004225,            0.004225
                 177,            0.026612,           0.0063544,                   0,              0.9402,             0.82808,             0.83194,             0.60278,            0.027448,           0.0031561,                   0,            0.004192,            0.004192,            0.004192
                 178,            0.026293,           0.0062339,                   0,             0.83248,             0.78489,             0.82791,              0.5785,            0.027597,           0.0033822,                   0,            0.004159,            0.004159,            0.004159
                 179,            0.025981,             0.00568,                   0,             0.97934,             0.84211,             0.89312,             0.60017,            0.027336,           0.0032147,                   0,            0.004126,            0.004126,            0.004126
                 180,            0.025815,           0.0061044,                   0,             0.83768,             0.84211,             0.85269,             0.62374,             0.02511,           0.0033329,                   0,            0.004093,            0.004093,            0.004093
                 181,            0.026564,           0.0060549,                   0,             0.92982,             0.84211,              0.8684,             0.63364,            0.026287,           0.0029804,                   0,             0.00406,             0.00406,             0.00406
                 182,            0.025706,           0.0065546,                   0,             0.96866,             0.78947,             0.86286,             0.61114,            0.027634,           0.0031893,                   0,            0.004027,            0.004027,            0.004027
                 183,            0.024872,            0.005873,                   0,             0.93429,             0.73684,             0.84722,             0.58318,            0.028595,           0.0032994,                   0,            0.003994,            0.003994,            0.003994
                 184,            0.024421,           0.0059036,                   0,             0.98402,             0.78947,               0.864,             0.62499,            0.026961,           0.0032351,                   0,            0.003961,            0.003961,            0.003961
                 185,            0.024665,           0.0058944,                   0,             0.89651,             0.78947,             0.87528,             0.64509,            0.026186,           0.0031898,                   0,            0.003928,            0.003928,            0.003928
                 186,            0.024481,           0.0057736,                   0,             0.92837,             0.84211,             0.88603,             0.62609,            0.026756,           0.0030945,                   0,            0.003895,            0.003895,            0.003895
                 187,            0.024666,           0.0059687,                   0,             0.94092,             0.83839,             0.87007,             0.57683,            0.027013,           0.0031247,                   0,            0.003862,            0.003862,            0.003862
                 188,            0.025021,           0.0059672,                   0,             0.93995,             0.82457,             0.86927,              0.5605,            0.027263,            0.003175,                   0,            0.003829,            0.003829,            0.003829
                 189,             0.02518,           0.0060682,                   0,             0.97706,             0.78947,             0.84556,             0.58168,            0.027217,           0.0031585,                   0,            0.003796,            0.003796,            0.003796
                 190,            0.024937,           0.0056378,                   0,             0.93699,             0.78297,             0.84116,             0.59651,            0.026744,           0.0032604,                   0,            0.003763,            0.003763,            0.003763
                 191,            0.025466,           0.0057125,                   0,             0.94077,             0.83628,             0.88852,             0.60616,            0.025788,           0.0031339,                   0,             0.00373,             0.00373,             0.00373
                 192,            0.025779,           0.0059416,                   0,                   1,             0.78409,             0.84475,             0.59689,            0.027608,           0.0031248,                   0,            0.003697,            0.003697,            0.003697
                 193,            0.023692,           0.0057737,                   0,             0.88139,             0.78947,             0.89989,             0.60015,            0.029009,           0.0029718,                   0,            0.003664,            0.003664,            0.003664
                 194,            0.025524,           0.0056869,                   0,             0.82119,             0.78947,             0.80981,              0.5435,            0.028915,           0.0033125,                   0,            0.003631,            0.003631,            0.003631
                 195,            0.024193,           0.0059833,                   0,             0.92083,             0.78947,             0.83779,             0.58286,            0.027763,           0.0032015,                   0,            0.003598,            0.003598,            0.003598
                 196,             0.02548,           0.0055716,                   0,             0.99403,             0.84211,             0.88259,             0.62464,            0.027271,           0.0027175,                   0,            0.003565,            0.003565,            0.003565
                 197,            0.025163,           0.0055968,                   0,             0.99915,             0.84211,              0.8649,             0.59111,            0.026952,           0.0029073,                   0,            0.003532,            0.003532,            0.003532
                 198,            0.024039,           0.0057502,                   0,                   1,             0.83311,             0.88551,             0.61597,            0.026635,           0.0028937,                   0,            0.003499,            0.003499,            0.003499
                 199,            0.023983,           0.0056404,                   0,             0.99083,             0.84211,             0.90787,             0.65585,            0.025233,           0.0029554,                   0,            0.003466,            0.003466,            0.003466
                 200,            0.024076,           0.0055343,                   0,             0.88721,             0.82861,             0.85529,             0.65243,            0.026013,           0.0029761,                   0,            0.003433,            0.003433,            0.003433
                 201,            0.024381,           0.0058014,                   0,             0.97257,             0.78947,             0.88465,             0.62254,            0.027035,           0.0030191,                   0,              0.0034,              0.0034,              0.0034
                 202,            0.023798,           0.0057799,                   0,             0.99808,             0.84211,             0.89217,             0.59544,            0.027525,           0.0029838,                   0,            0.003367,            0.003367,            0.003367
                 203,            0.024391,           0.0057514,                   0,             0.97371,             0.78947,              0.8841,              0.5942,            0.027638,           0.0031573,                   0,            0.003334,            0.003334,            0.003334
                 204,            0.023735,           0.0058123,                   0,             0.98996,             0.78947,             0.91671,             0.64188,            0.026615,           0.0027007,                   0,            0.003301,            0.003301,            0.003301
                 205,            0.024724,           0.0055071,                   0,                   1,             0.83934,             0.88598,             0.63469,            0.026434,           0.0027685,                   0,            0.003268,            0.003268,            0.003268
                 206,             0.02471,           0.0059834,                   0,             0.87716,             0.78947,              0.8236,             0.58818,            0.026484,           0.0032762,                   0,            0.003235,            0.003235,            0.003235
                 207,            0.023087,            0.005653,                   0,             0.98691,             0.78947,             0.87885,             0.65914,            0.027151,           0.0028464,                   0,            0.003202,            0.003202,            0.003202
                 208,            0.023725,           0.0056528,                   0,             0.92797,             0.84211,             0.89763,             0.66111,            0.026449,           0.0027492,                   0,            0.003169,            0.003169,            0.003169
                 209,            0.023385,           0.0051125,                   0,             0.99041,             0.84211,             0.87319,             0.65014,            0.025773,           0.0027588,                   0,            0.003136,            0.003136,            0.003136
                 210,            0.023601,           0.0057228,                   0,             0.96474,             0.84211,             0.87036,             0.64089,            0.025238,            0.002845,                   0,            0.003103,            0.003103,            0.003103
                 211,            0.024854,           0.0056104,                   0,              0.8803,             0.84211,             0.84833,             0.59179,            0.026282,           0.0029926,                   0,             0.00307,             0.00307,             0.00307
                 212,            0.024405,           0.0054176,                   0,             0.99592,             0.84211,             0.87076,             0.62742,            0.025758,           0.0030012,                   0,            0.003037,            0.003037,            0.003037
                 213,            0.025036,           0.0057689,                   0,              0.9927,             0.84211,             0.90284,             0.60338,            0.025754,           0.0030789,                   0,            0.003004,            0.003004,            0.003004
                 214,            0.023118,           0.0053381,                   0,                   1,             0.83507,             0.89297,             0.59789,            0.026931,           0.0030343,                   0,            0.002971,            0.002971,            0.002971
                 215,            0.023473,           0.0056959,                   0,              0.9886,             0.78947,             0.86844,             0.62844,            0.027228,           0.0029037,                   0,            0.002938,            0.002938,            0.002938
                 216,            0.021413,           0.0051375,                   0,                   1,             0.78862,             0.89348,             0.66658,            0.025198,           0.0028445,                   0,            0.002905,            0.002905,            0.002905
                 217,             0.02396,           0.0054862,                   0,                   1,             0.78641,             0.88846,             0.64152,            0.024748,           0.0028236,                   0,            0.002872,            0.002872,            0.002872
                 218,            0.023606,           0.0055767,                   0,                   1,             0.77617,             0.87885,             0.65104,            0.024299,           0.0028288,                   0,            0.002839,            0.002839,            0.002839
                 219,            0.022961,           0.0056313,                   0,             0.99592,             0.78947,              0.8827,             0.66942,            0.024516,           0.0028172,                   0,            0.002806,            0.002806,            0.002806
                 220,            0.022832,           0.0056012,                   0,                   1,             0.83527,             0.89259,             0.67961,            0.024537,           0.0027177,                   0,            0.002773,            0.002773,            0.002773
                 221,             0.02317,           0.0054956,                   0,             0.87477,             0.89474,             0.88375,             0.65657,            0.024861,           0.0026992,                   0,             0.00274,             0.00274,             0.00274
                 222,            0.022828,           0.0052123,                   0,             0.98389,             0.84211,             0.87929,             0.66053,            0.025264,           0.0027478,                   0,            0.002707,            0.002707,            0.002707
                 223,            0.021968,           0.0051853,                   0,             0.89413,             0.88929,             0.91971,             0.66302,            0.025092,           0.0027106,                   0,            0.002674,            0.002674,            0.002674
                 224,             0.02198,            0.005062,                   0,             0.98431,             0.84211,             0.92698,             0.67296,            0.025215,            0.002797,                   0,            0.002641,            0.002641,            0.002641
                 225,            0.022681,           0.0059429,                   0,             0.98224,             0.84211,             0.87802,             0.66551,            0.024977,           0.0028305,                   0,            0.002608,            0.002608,            0.002608
                 226,            0.022227,           0.0052221,                   0,             0.98489,             0.78947,             0.86904,              0.6466,            0.024845,           0.0029671,                   0,            0.002575,            0.002575,            0.002575
                 227,            0.022169,           0.0053853,                   0,                   1,             0.83254,              0.9248,             0.67314,            0.024265,           0.0028728,                   0,            0.002542,            0.002542,            0.002542
                 228,            0.021417,           0.0052856,                   0,             0.99668,             0.84211,             0.92742,              0.6937,            0.023228,           0.0027502,                   0,            0.002509,            0.002509,            0.002509
                 229,            0.023744,           0.0053653,                   0,              0.9865,             0.78947,             0.87129,             0.67322,            0.023765,            0.002854,                   0,            0.002476,            0.002476,            0.002476
                 230,            0.022697,           0.0049381,                   0,             0.98888,             0.78947,             0.87743,             0.64064,            0.024637,            0.002954,                   0,            0.002443,            0.002443,            0.002443
                 231,            0.023515,           0.0055861,                   0,             0.93354,             0.84211,             0.87961,             0.64662,            0.023433,           0.0028592,                   0,             0.00241,             0.00241,             0.00241
                 232,            0.022608,           0.0055157,                   0,             0.99363,             0.84211,             0.93086,              0.6566,            0.024388,           0.0028658,                   0,            0.002377,            0.002377,            0.002377
                 233,            0.022798,           0.0053644,                   0,             0.94383,             0.88477,             0.93154,             0.68853,            0.024858,           0.0028914,                   0,            0.002344,            0.002344,            0.002344
                 234,            0.022045,           0.0055955,                   0,             0.98613,             0.84211,              0.8901,             0.67187,            0.024747,           0.0027878,                   0,            0.002311,            0.002311,            0.002311
                 235,            0.021468,           0.0051847,                   0,             0.96182,             0.89474,             0.93268,             0.67539,            0.024355,           0.0026751,                   0,            0.002278,            0.002278,            0.002278
                 236,            0.023206,           0.0056819,                   0,             0.99695,             0.89474,             0.89531,             0.69796,            0.023865,           0.0026545,                   0,            0.002245,            0.002245,            0.002245
                 237,            0.022263,           0.0053271,                   0,             0.94054,             0.83306,             0.92445,             0.65554,            0.024091,           0.0026791,                   0,            0.002212,            0.002212,            0.002212
                 238,            0.022289,            0.005513,                   0,             0.93423,             0.84211,             0.87726,             0.68708,            0.023083,           0.0027197,                   0,            0.002179,            0.002179,            0.002179
                 239,            0.021979,             0.00503,                   0,                   1,             0.83719,             0.89971,             0.69755,            0.023209,           0.0027194,                   0,            0.002146,            0.002146,            0.002146
                 240,            0.021459,           0.0048772,                   0,             0.98186,             0.78947,             0.87681,             0.66936,            0.024276,            0.002808,                   0,            0.002113,            0.002113,            0.002113
                 241,             0.02157,           0.0051245,                   0,                   1,             0.78768,             0.88022,             0.67022,             0.02441,            0.002884,                   0,             0.00208,             0.00208,             0.00208
                 242,            0.022346,           0.0055899,                   0,              0.9629,             0.84211,              0.8901,             0.67789,            0.024447,           0.0027453,                   0,            0.002047,            0.002047,            0.002047
                 243,            0.020328,           0.0050323,                   0,             0.98276,             0.84211,             0.89337,              0.6784,            0.024151,           0.0027024,                   0,            0.002014,            0.002014,            0.002014
                 244,            0.022844,           0.0052765,                   0,             0.93302,             0.84211,             0.88142,              0.6772,            0.023787,           0.0027029,                   0,            0.001981,            0.001981,            0.001981
                 245,            0.022085,           0.0053029,                   0,                   1,              0.7879,             0.86522,             0.65644,            0.023465,           0.0029026,                   0,            0.001948,            0.001948,            0.001948
                 246,            0.021949,           0.0056361,                   0,              0.9363,             0.77427,             0.84082,             0.65707,            0.023403,           0.0029023,                   0,            0.001915,            0.001915,            0.001915
                 247,            0.021005,           0.0050847,                   0,              0.9289,             0.78947,             0.84133,             0.63886,            0.024272,           0.0028861,                   0,            0.001882,            0.001882,            0.001882
                 248,            0.021608,           0.0054738,                   0,             0.92687,             0.78947,             0.86977,             0.68983,            0.023135,           0.0028476,                   0,            0.001849,            0.001849,            0.001849
                 249,            0.021188,           0.0048074,                   0,             0.94067,             0.83482,             0.87291,             0.67487,            0.023269,           0.0028274,                   0,            0.001816,            0.001816,            0.001816
                 250,            0.020946,           0.0048027,                   0,             0.92658,             0.78947,             0.86702,             0.68476,            0.023458,           0.0028301,                   0,            0.001783,            0.001783,            0.001783
                 251,            0.020916,           0.0050562,                   0,              0.8883,             0.83737,             0.87424,             0.66383,            0.024016,           0.0028632,                   0,             0.00175,             0.00175,             0.00175
                 252,            0.021224,           0.0053491,                   0,             0.88873,             0.84081,             0.89671,             0.66164,            0.024345,           0.0028331,                   0,            0.001717,            0.001717,            0.001717
                 253,            0.021656,           0.0048085,                   0,             0.89436,             0.89131,             0.89503,             0.67211,            0.024594,            0.002726,                   0,            0.001684,            0.001684,            0.001684
                 254,            0.020951,            0.004812,                   0,             0.89314,             0.88038,             0.89376,             0.66619,            0.023771,           0.0027229,                   0,            0.001651,            0.001651,            0.001651
                 255,            0.020373,           0.0047579,                   0,             0.94097,              0.8391,             0.87294,             0.65329,            0.024398,           0.0027951,                   0,            0.001618,            0.001618,            0.001618
                 256,            0.020995,            0.005133,                   0,             0.94061,             0.83394,             0.90012,             0.66756,            0.023763,           0.0028323,                   0,            0.001585,            0.001585,            0.001585
                 257,            0.020651,           0.0048835,                   0,             0.92443,             0.78947,             0.88227,             0.66044,            0.023293,           0.0028785,                   0,            0.001552,            0.001552,            0.001552
                 258,            0.020845,            0.005194,                   0,                   1,             0.78452,             0.90124,             0.65956,            0.022813,           0.0028159,                   0,            0.001519,            0.001519,            0.001519
                 259,            0.020615,           0.0048968,                   0,             0.99925,             0.78947,             0.89999,             0.68914,             0.02304,           0.0027841,                   0,            0.001486,            0.001486,            0.001486
                 260,            0.020867,             0.00508,                   0,             0.98472,             0.78947,             0.88384,             0.68552,            0.022863,           0.0028619,                   0,            0.001453,            0.001453,            0.001453
                 261,            0.020607,           0.0047539,                   0,             0.99162,             0.73684,             0.87483,             0.66667,            0.023695,             0.00291,                   0,             0.00142,             0.00142,             0.00142
                 262,            0.020472,            0.005391,                   0,                   1,             0.75878,             0.88814,              0.6902,            0.022631,           0.0028615,                   0,            0.001387,            0.001387,            0.001387
                 263,            0.022078,           0.0049614,                   0,             0.93679,             0.78947,             0.89307,              0.6756,            0.022893,           0.0028374,                   0,            0.001354,            0.001354,            0.001354
                 264,            0.019806,           0.0047245,                   0,                   1,             0.78153,             0.89224,             0.68572,            0.022729,           0.0028197,                   0,            0.001321,            0.001321,            0.001321
                 265,            0.021322,           0.0049106,                   0,                   1,             0.78029,              0.8709,             0.68054,            0.023036,           0.0028569,                   0,            0.001288,            0.001288,            0.001288
                 266,            0.022609,           0.0055448,                   0,                   1,             0.78692,              0.8567,             0.65613,            0.023156,           0.0029071,                   0,            0.001255,            0.001255,            0.001255
                 267,            0.021015,           0.0048499,                   0,                   1,             0.83517,              0.8727,             0.64196,            0.023162,           0.0028748,                   0,            0.001222,            0.001222,            0.001222
                 268,            0.022189,           0.0056136,                   0,             0.93018,             0.84211,             0.87232,             0.66018,            0.022936,           0.0028491,                   0,            0.001189,            0.001189,            0.001189
                 269,            0.020356,             0.00507,                   0,             0.93377,             0.84211,             0.87061,             0.67319,            0.022449,           0.0028467,                   0,            0.001156,            0.001156,            0.001156
                 270,             0.02168,           0.0050796,                   0,                   1,             0.82912,              0.8863,             0.68544,            0.022417,           0.0028781,                   0,            0.001123,            0.001123,            0.001123
                 271,            0.020826,           0.0046495,                   0,              0.9932,             0.84211,             0.89123,             0.65867,            0.022736,           0.0028289,                   0,             0.00109,             0.00109,             0.00109
                 272,            0.019622,           0.0048523,                   0,                   1,             0.78375,             0.88235,             0.67444,            0.022942,           0.0027644,                   0,            0.001057,            0.001057,            0.001057
                 273,            0.019727,           0.0048474,                   0,                   1,             0.82785,             0.89701,             0.69353,            0.023064,           0.0027186,                   0,            0.001024,            0.001024,            0.001024
                 274,            0.019332,            0.004502,                   0,             0.93067,             0.84211,             0.89048,             0.67694,            0.023134,           0.0026781,                   0,            0.000991,            0.000991,            0.000991
                 275,            0.021731,           0.0047254,                   0,                   1,             0.82913,             0.89369,             0.69648,            0.022429,            0.002626,                   0,            0.000958,            0.000958,            0.000958
                 276,            0.018984,           0.0046851,                   0,             0.99567,             0.84211,             0.89093,             0.69414,            0.022402,            0.002651,                   0,            0.000925,            0.000925,            0.000925
                 277,            0.019327,           0.0049125,                   0,             0.99867,             0.84211,             0.89928,             0.69893,            0.022508,           0.0026149,                   0,            0.000892,            0.000892,            0.000892
                 278,             0.02067,           0.0048761,                   0,             0.94399,             0.88738,             0.90203,             0.70574,            0.022253,            0.002651,                   0,            0.000859,            0.000859,            0.000859
                 279,            0.020468,           0.0048264,                   0,             0.94417,             0.89026,              0.8932,             0.70904,            0.021909,           0.0026291,                   0,            0.000826,            0.000826,            0.000826
                 280,            0.019937,           0.0046893,                   0,             0.99245,             0.84211,             0.88803,             0.70147,            0.021766,           0.0026656,                   0,            0.000793,            0.000793,            0.000793
                 281,            0.021312,           0.0046916,                   0,              0.9846,             0.78947,             0.87625,             0.67306,            0.022643,            0.002738,                   0,             0.00076,             0.00076,             0.00076
                 282,            0.020028,           0.0049416,                   0,                   1,             0.83484,             0.88597,             0.67862,            0.022765,            0.002727,                   0,            0.000727,            0.000727,            0.000727
                 283,            0.020522,           0.0050924,                   0,             0.94064,             0.83443,             0.88632,              0.6978,            0.022296,           0.0026772,                   0,            0.000694,            0.000694,            0.000694
                 284,            0.019075,           0.0049335,                   0,              0.8809,             0.89474,               0.883,             0.70488,            0.022012,           0.0026471,                   0,            0.000661,            0.000661,            0.000661
                 285,            0.020822,           0.0048805,                   0,             0.88088,             0.89474,             0.88683,             0.71337,             0.02199,           0.0026134,                   0,            0.000628,            0.000628,            0.000628
                 286,            0.021654,           0.0052113,                   0,             0.93875,             0.89474,             0.89264,               0.703,            0.022072,           0.0025842,                   0,            0.000595,            0.000595,            0.000595
                 287,            0.020555,           0.0049018,                   0,             0.92932,             0.89474,             0.88932,             0.70232,            0.022099,           0.0025437,                   0,            0.000562,            0.000562,            0.000562
                 288,            0.019569,           0.0045395,                   0,             0.94355,             0.88029,             0.88931,             0.70257,            0.022315,           0.0025502,                   0,            0.000529,            0.000529,            0.000529
                 289,            0.018376,           0.0046747,                   0,             0.94101,              0.8397,             0.88657,             0.70031,            0.022604,           0.0025898,                   0,            0.000496,            0.000496,            0.000496
                 290,             0.02048,           0.0048939,                   0,                   1,             0.83178,             0.88962,             0.69298,            0.022517,           0.0026073,                   0,            0.000463,            0.000463,            0.000463
                 291,            0.019862,           0.0052136,                   0,             0.92885,             0.84211,             0.88393,             0.69841,            0.022204,           0.0026218,                   0,             0.00043,             0.00043,             0.00043
                 292,            0.019438,           0.0048097,                   0,             0.89297,             0.87882,             0.88838,             0.70298,            0.022081,           0.0026097,                   0,            0.000397,            0.000397,            0.000397
                 293,            0.019719,           0.0049377,                   0,             0.94416,             0.89019,             0.89091,             0.70255,            0.022198,           0.0025685,                   0,            0.000364,            0.000364,            0.000364
                 294,            0.019146,           0.0047939,                   0,             0.94411,             0.88938,             0.89456,             0.71184,            0.022259,           0.0025837,                   0,            0.000331,            0.000331,            0.000331
                 295,            0.020855,           0.0049784,                   0,                   1,             0.83458,             0.88971,             0.71532,            0.022052,           0.0026182,                   0,            0.000298,            0.000298,            0.000298
                 296,            0.018533,           0.0049109,                   0,             0.99966,             0.84211,             0.88593,             0.70164,            0.022153,           0.0026035,                   0,            0.000265,            0.000265,            0.000265
                 297,            0.019468,           0.0052129,                   0,                   1,             0.83359,              0.8902,             0.70401,            0.021974,           0.0025803,                   0,            0.000232,            0.000232,            0.000232
                 298,            0.018993,           0.0048521,                   0,             0.88563,             0.89474,             0.88664,             0.71315,            0.021943,           0.0025614,                   0,            0.000199,            0.000199,            0.000199
                 299,            0.019404,           0.0048923,                   0,             0.89405,             0.88859,             0.88666,             0.71284,            0.021802,           0.0025565,                   0,            0.000166,            0.000166,            0.000166
